PSEUDO_ID,TYPE,AGE,HEIGHT_cm,WEIGHT_kg,IMC_kg_m2,PER_Skull_cm,PER_Neck_cm,THICK_WingedNeck_cm,DIST_SupScapularAngToC7_AVG_cm,DIST_SupScapularAngToT10_AVG_cm,DIST_C7ToT10_cm,LONG_Arm_AVG_cm,DIST_UpperArm_AVG_cm,DIST_Forearm_AVG_cm,DIST_Hand_AVG_cm,LONG_Leg_AVG_cm,DIST_Thigh_AVG_cm,DIST_LowerLeg_LATERAL_AVG_cm,DIST_LowerLeg_MEDIAL_AVG_cm,DIST_Foot_AVG_cm,PER_Abdominal_cm,DIST_BetweenSupAntIliacCrest_cm,PER_Hip_cm,DIST_SternalEndClavicleToSternalManubrium_AVG_cm,DIST_ManubriumToXiphoidApophysis_cm,DIST_ManubriumToCentralNavel_cm,QC_FLAGS,QC_COLUMNS,QC_N_FLAGS,IMPUTED_COLUMNS,N_IMPUTED_VALUES
ES_a324f318,ST,23,145.0,56.5,26.872770511296075,52.0,29.0,11.0,10.5,16.5,17.0,55.5,24.0,19.0,15.0,73.0,39.5,32.2,32.0,14.0,74.0,26.0,95.0,2.5,16.0,35.0,outlier,DIST_Foot_AVG_cm;DIST_Hand_AVG_cm,2,,0
ES_99763ac9,ST,50,157.0,63.0,25.558846200657225,58.0,15.0,8.0,11.0,10.5,13.5,67.75,28.0,21.5,17.0,81.5,43.0,36.75,36.0,17.0,79.0,32.0,104.0,2.0,19.0,35.5,invalid_range;outlier,DIST_Foot_AVG_cm;PER_Neck_cm,2,,0
ES_49a25ddc,CN,53,162.0,61.5,23.433927754915405,56.0,33.0,10.0,11.0,11.0,16.5,70.0,30.0,25.0,19.0,85.25,41.5,40.5,36.0,11.5,79.0,29.0,101.0,1.0,11.5,35.0,,,0,,0
ES_fd4b992c,ST,43,148.0,86.0,39.26223520818115,55.0,43.0,12.0,8.0,14.0,15.0,63.5,28.5,23.0,18.5,72.5,31.0,35.5,32.0,12.0,122.5,48.0,126.0,2.0,13.5,44.5,outlier,DIST_BetweenSupAntIliacCrest_cm;IMC_kg_m2;PER_Abdominal_cm;PER_Neck_cm,4,,0
ES_0f138ffd,CN,57,163.0,73.0,27.475629493018182,56.0,33.0,16.0,9.0,15.0,17.5,69.0,29.0,23.0,17.0,81.5,41.0,39.0,32.0,10.0,92.5,34.0,109.5,0.5,11.0,41.0,,,0,,0
ES_8c2c10ef,ST,42,143.0,59.0,28.85226661450438,54.0,32.0,10.0,7.5,14.5,19.5,53.5,22.5,16.0,15.5,72.5,33.5,39.0,32.5,9.5,83.0,32.0,102.0,2.5,14.5,37.0,outlier,DIST_Forearm_AVG_cm,1,,0
ES_5a856f5a,ST,33,145.0,45.0,21.40309155766944,57.5,34.5,9.5,8.0,11.5,15.5,57.5,23.5,19.0,16.0,75.0,36.75,34.75,25.0,10.5,64.0,25.0,83.0,1.5,15.0,32.0,outlier,DIST_LowerLeg_MEDIAL_AVG_cm,1,,0
ES_096313c4,CN,53,168.0,63.0,22.321428571428577,58.5,33.0,14.0,7.0,13.5,15.0,68.0,28.5,23.25,18.0,84.75,41.5,41.5,32.0,11.5,78.0,30.0,102.5,0.5,11.0,36.0,,,0,,0
ES_703ac275,ST,52,138.0,75.0,39.382482671707635,58.5,37.0,9.0,8.5,12.5,16.0,54.5,20.5,18.75,15.25,63.5,35.75,30.25,27.0,10.0,106.0,39.5,123.0,1.5,20.0,43.0,outlier,DIST_LowerLeg_LATERAL_AVG_cm;IMC_kg_m2;LONG_Leg_AVG_cm,3,,0
ES_35374049,CN,12,163.0,54.8,20.62554104407392,55.0,31.0,16.0,10.0,12.0,18.5,67.5,26.5,24.25,17.0,81.5,39.5,41.5,36.0,12.5,65.5,20.5,92.0,2.0,11.0,34.5,,,0,,0
ES_f0260284,ST,24,149.0,46.0,20.7197873969641,54.0,34.0,13.0,7.0,13.0,16.0,61.0,24.5,21.0,17.0,77.25,39.0,38.0,30.0,10.5,78.0,29.0,92.0,3.0,13.0,31.0,,,0,,0
ES_d21ed929,ST,21,152.0,62.8,27.181440443213294,59.0,34.0,14.0,9.0,13.0,16.0,63.0,26.5,21.25,17.0,76.0,36.25,36.5,34.0,10.0,77.0,26.5,99.0,2.0,19.5,34.5,,,0,,0
ES_6308c9ea,ST,49,161.0,82.8,31.943212067435667,58.0,34.5,13.5,9.5,11.0,14.0,65.5,25.75,23.0,18.0,85.75,37.0,41.5,35.5,11.0,93.0,50.0,115.0,1.5,17.0,42.0,outlier,DIST_BetweenSupAntIliacCrest_cm,1,,0
ES_0c2057d0,ST,40,152.0,42.5,18.395083102493075,56.0,29.0,16.0,8.5,13.0,18.0,66.0,24.75,22.75,17.0,77.5,35.0,39.0,33.0,11.0,61.5,28.0,84.5,3.5,13.0,34.0,,,0,,0
ES_83a1c6f7,CN,24,163.0,51.2,19.2705784937333,52.0,28.0,16.0,9.5,13.0,14.5,67.5,28.5,24.0,17.5,84.5,43.5,37.0,37.5,12.0,66.0,23.0,88.0,1.5,11.0,35.0,,,0,,0
ES_51ce257c,CN,30,159.0,70.5,27.886555120446182,55.5,31.5,15.5,8.5,10.0,21.5,66.0,26.75,22.25,17.75,83.0,40.0,39.5,35.5,12.25,76.5,26.5,105.0,2.5,17.0,37.0,,,0,,0
ES_86479cdb,CN,47,160.0,53.4,20.859374999999996,54.0,30.5,17.0,11.0,16.5,20.5,67.75,27.0,24.0,17.0,85.0,44.25,39.5,35.0,11.5,73.0,25.5,96.0,1.0,20.0,35.0,,,0,,0
ES_7987d1a9,ST,34,163.5,84.2,31.497535748019715,58.5,37.0,15.0,9.5,8.0,14.0,66.0,26.25,22.75,18.5,82.5,36.25,40.75,36.0,11.5,91.0,31.0,115.0,0.5,17.5,40.5,,,0,,0
ES_b087c31b,ST,52,144.0,60.8,29.320987654320987,57.0,41.0,10.0,7.5,12.5,14.0,58.75,22.0,21.0,16.5,75.75,37.0,36.75,34.0,10.0,84.0,30.0,99.0,2.5,17.5,36.0,outlier,PER_Neck_cm,1,,0
ES_340ab0ea,ST,41,149.5,55.6,24.876679231775928,58.0,31.5,14.0,7.5,16.0,17.0,64.5,25.0,23.25,17.0,76.25,37.25,37.5,34.0,10.0,75.0,28.0,93.0,0.5,18.0,35.0,,,0,,0
ES_fd201f20,ST,52,152.0,64.2,27.787396121883656,60.0,36.0,13.0,8.0,11.0,17.0,61.25,24.0,21.5,17.0,75.75,38.0,40.0,30.3,10.0,98.5,34.0,112.0,1.0,16.5,40.5,,,0,,0
ES_6dd12a35,ST,56,148.0,55.2,25.200876552227907,56.0,34.0,14.0,10.0,16.0,21.0,57.0,21.75,20.0,16.5,77.0,35.5,43.0,39.0,10.0,90.0,32.0,87.0,3.0,14.0,37.0,,,0,,0
ES_a41237f1,CN,57,172.0,83.0,28.055705786911847,57.0,35.0,18.0,10.0,14.0,17.5,74.25,31.0,25.75,18.75,88.0,39.25,44.0,38.5,11.0,85.0,31.0,111.5,3.0,12.0,40.5,,,0,,0
ES_8d81f612,ST,21,149.0,64.0,28.827530291428314,60.0,33.0,15.5,8.0,12.0,15.0,61.0,22.0,21.0,17.0,74.0,35.75,33.5,32.0,11.0,76.5,28.0,100.0,2.0,15.5,39.0,,,0,,0
ES_a89c4e52,ST,39,142.0,46.7,23.160087284268997,53.0,31.0,15.0,9.0,14.0,18.5,57.0,24.0,19.0,16.0,67.75,33.5,35.25,29.5,10.0,73.0,31.0,88.0,1.0,17.5,33.0,,,0,,0
ES_e7db619d,CN,58,159.0,59.5,23.5354614137099,54.5,31.0,17.5,11.0,15.0,19.5,63.5,25.5,21.5,17.0,81.5,35.25,40.75,33.0,10.5,72.5,26.5,96.0,2.0,11.0,40.0,,,0,,0
